seq,name/first,name/last,age,street,city,state,zip,dollar,pick,date
1,Nathan,Roy,49,Nakuc Mill,Jeevde,NJ,45226,$3899.39,RED,06/28/2055
2,Dale,Ryan,20,Otjot Manor,Ikoheur,MD,11133,$8869.32,RED,05/20/1937
3,Lura,Jones,55,Mezu Place,Digemad,NY,04656,$1358.67,RED,05/21/2035
4,Justin,Cohen,36,Kozig Key,Hetutiive,NV,93553,$5203.46,BLUE,01/20/1951
5,Rena,Simpson,28,Upna Pike,Omjicju,DC,27355,$4387.87,YELLOW,03/26/1937
6,Mathilda,Bailey,19,Japnes Turnpike,Downuvbuk,UT,24089,$3878.83,YELLOW,02/01/1949
7,Earl,Ford,57,Simo Pass,Gapeec,CO,61701,$116.09,GREEN,03/16/1905
8,Cody,Thomas,36,Ledow Turnpike,Fimukwo,SC,09045,$8515.83,YELLOW,02/15/1977
9,Calvin,Cummings,34,Lebbum Loop,Woifiho,DC,76359,$5970.74,RED,10/11/1955
10,Albert,Lloyd,57,Vesto Plaza,Badutrov,IN,10084,$621.13,WHITE,09/19/2060
11,Jeff,Greene,29,Face Point,Arivoel,ND,24958,$9937.82,YELLOW,08/31/2021
12,Maurice,Pearson,62,Ibru Square,Zitebis,IA,17821,$6353.48,RED,12/29/2029
13,Augusta,Becker,62,Siuwa Key,Getuogu,WA,38674,$2640.67,GREEN,11/21/1923
14,Daniel,Silva,52,Zadiz Heights,Wizrubog,ID,44290,$6934.35,WHITE,08/16/2055
15,Keith,Neal,63,Sowji Square,Egoradib,WY,72654,$2191.31,BLUE,01/07/2050
16,Josephine,Ford,60,Rauh Pike,Tuzhonuv,NM,04634,$3397.86,BLUE,08/11/1913
17,Virginia,Robbins,33,Zorub Junction,Ruzwohheb,OH,86547,$2770.10,WHITE,06/27/1991
18,Joseph,Francis,22,Widap Plaza,Ifusadmek,LA,54441,$1027.23,WHITE,02/08/1991
19,Harry,Johnston,18,Acugal Trail,Kawaja,GA,86750,$2287.38,RED,08/09/2024
20,Corey,Palmer,36,Ubzo Pass,Ceciuse,NM,98635,$2875.39,YELLOW,05/27/1937
21,Lilly,Stone,28,Ajkir Center,Daznehop,RI,84338,$4982.08,GREEN,07/25/2006
22,Madge,McKinney,61,Siuf Grove,Midjaleh,VA,22684,$9089.48,RED,12/01/2054
23,Harriet,Neal,58,Kidu Lane,Felulve,NJ,23614,$4911.50,GREEN,05/18/1984
24,Flora,Harrison,24,Nezhuj Lane,Zihlendat,KY,42503,$3165.10,RED,09/29/1956
25,Minnie,Butler,19,Orrek Path,Vetluzo,MA,03109,$5689.09,BLUE,06/17/2029
26,Zachary,Tucker,26,Ibah Plaza,Ceurles,KS,61089,$3339.42,GREEN,07/03/2003
27,Lela,Roy,65,Feeka Square,Fujemub,CO,03547,$6685.01,RED,05/19/2016
28,Agnes,Young,46,Zutun Key,Usgiet,KY,18214,$6782.96,WHITE,06/19/2060
29,Bill,Hunter,40,Nena Manor,Rekuno,LA,97867,$1428.89,WHITE,04/12/1906
30,Ruby,Stevenson,20,Puko Path,Anbohmis,FL,12115,$311.12,BLUE,01/01/1946
31,Adele,Schmidt,32,Kezve Place,Bopupna,FL,47130,$3752.80,GREEN,10/10/2036
32,Eliza,Rodriquez,39,Bukmi Street,Jolunbul,NV,58438,$9732.76,BLUE,03/28/1918
33,Alex,Long,47,Mocta Square,Jirfolca,KS,74140,$9540.07,WHITE,05/14/1952
34,Verna,Reid,35,Mofgog Plaza,Zudovma,TN,18173,$5085.09,WHITE,03/12/1958
35,Nell,Mullins,38,Bobiju Street,Jardubsa,RI,38798,$1314.28,RED,06/06/1998
36,Jessie,Alvarado,21,Ravmob View,Wedozivat,MI,76273,$501.34,RED,07/30/2019
37,Linnie,Castillo,39,Sokjo Pass,Idturlig,IL,02495,$5234.59,GREEN,01/27/2033
38,Marion,Underwood,62,Muho Highway,Sodwati,OR,53101,$3619.38,RED,10/01/1948
39,Rose,Jenkins,26,Fibic Boulevard,Nuteiz,MS,98244,$6599.25,BLUE,06/05/1954
40,Alvin,Mack,45,Onej Plaza,Ipihumaj,MD,09646,$9106.58,WHITE,09/01/1960
41,Jerry,Lane,55,Lagej Plaza,Kilnada,FL,69329,$2878.75,YELLOW,10/12/1914
42,Lenora,Harvey,42,Hocuj Park,Opucizoh,UT,29251,$6818.33,YELLOW,09/02/2007
43,Jose,Santos,43,Ejvov Center,Gocsiej,OK,02665,$418.18,YELLOW,12/28/1981
44,Tillie,Bryant,53,Icerof Center,Apcite,SC,54757,$6254.78,WHITE,10/15/2005
45,Victoria,Valdez,32,Sepike Square,Kervewow,MT,41981,$7134.01,GREEN,08/13/1998
46,Cordelia,Bailey,55,Rido Point,Ungoza,VA,14392,$6788.17,BLUE,07/22/2007
47,Lewis,Tyler,35,Zocsor Court,Zojnefaz,OR,01139,$7967.17,GREEN,04/14/1941
48,Logan,Taylor,28,Wozfi Place,Vujalsam,NY,11121,$8361.98,WHITE,10/26/2029
49,Estella,Burns,49,Sutsaf Key,Ujubuad,DE,35944,$5860.30,RED,08/27/1937
50,Ricky,Alvarez,20,Sililo Lane,Woferkom,NC,31583,$6095.45,GREEN,07/10/2030
51,Blake,French,53,Diizu View,Apucipon,TN,54059,$503.95,BLUE,08/19/2027
52,Ethan,Patton,41,Napuzu Road,Mokpewas,HI,96953,$5519.22,RED,03/17/1948
53,Elizabeth,Black,46,Fadmed Extension,Duzabuto,NV,86241,$3191.14,YELLOW,08/24/1996
54,Wesley,Dennis,49,Patij Junction,Divuspe,WY,42506,$5006.02,RED,08/22/1979
55,Emma,Riley,47,Mufag Plaza,Datgesza,NV,98415,$6337.24,BLUE,05/19/1943
56,Lydia,Simon,23,Zagod Grove,Himhevuha,MO,29680,$3046.69,BLUE,05/20/2014
57,Harriett,Sanchez,54,Eraeta Heights,Vacpawma,GA,77706,$6214.67,GREEN,03/28/1951
58,Julia,Moody,61,Potac Street,Wiloor,IA,27262,$7376.84,RED,09/16/1908
59,Richard,Porter,33,Lorvow Road,Rewoldoj,FL,93846,$8351.11,BLUE,12/04/2053
60,Sophie,Thomas,35,Zaata Heights,Libejekus,ME,36024,$557.36,RED,01/23/2053
61,Emily,Ortega,42,Sejug Junction,Ubsohdi,ND,29424,$1286.90,YELLOW,10/05/1905
62,Flora,Newton,32,Huono View,Pugevor,NH,88132,$3086.81,GREEN,02/12/2056
63,Kevin,Page,63,Beho Pike,Ubijebku,GA,98109,$5265.09,RED,09/08/1955
64,Katherine,Guerrero,62,Nuluz Terrace,Ekfujro,MI,93676,$7257.58,WHITE,10/27/2007
65,Lola,Watts,22,Atigiw Path,Majotiv,MO,92918,$3652.20,BLUE,10/29/2037
66,Maude,Dennis,56,Ecuki Plaza,Huhhicul,PA,53358,$5110.51,YELLOW,06/30/2037
67,Clifford,Allison,57,Vula Path,Rilsawme,MA,56048,$7892.79,WHITE,11/10/2001
68,Gregory,Greene,47,Daeh Junction,Vapjiok,TX,92626,$1068.04,YELLOW,06/30/1977
69,Justin,Parks,25,Rovef Mill,Sedherte,CT,29390,$3311.55,WHITE,10/27/2008
70,Teresa,Fox,21,Bewko Place,Idagoij,NC,65025,$8892.36,RED,02/21/1910
71,Ada,Gregory,54,Foka Mill,Nodkedrod,PA,20402,$1305.39,RED,12/03/1957
72,Lucy,Morris,50,Linew Turnpike,Pilsewmi,WA,41605,$6012.93,YELLOW,11/07/1973
73,Olivia,Boone,45,Fizke Parkway,Suhokuci,MI,84308,$5812.10,BLUE,01/15/2066
74,Antonio,Massey,55,Hurin Point,Vacutnot,IL,35925,$3288.21,GREEN,02/14/1923
75,Bernard,Harris,19,Gooj Way,Fotkifes,NE,16290,$9354.52,GREEN,05/12/1934
76,Georgie,Porter,38,Rotpa Grove,Lufusalit,RI,62214,$612.46,RED,12/21/1921
77,Elizabeth,Martin,56,Bohum Highway,Ceumiir,MT,32288,$1452.48,WHITE,01/27/1909
78,Willie,Estrada,44,Ivasok Road,Pokecuf,NM,96691,$9805.30,GREEN,02/12/1999
79,Mollie,Simmons,36,Kevob View,Deklusrak,NJ,44991,$3533.70,WHITE,01/22/2023
80,Louise,Olson,29,Bodum Way,Sabtipi,OR,27966,$4055.51,RED,01/10/1925
81,Daniel,Shaw,40,Tinuf Terrace,Iljatki,AL,24283,$82.53,WHITE,12/15/1936
82,Marie,Hammond,52,Fuzupo View,Hosonku,OH,43153,$917.77,YELLOW,10/17/2032
83,Amy,Logan,48,Nimer River,Sedabmih,WI,36908,$7788.90,WHITE,10/14/2040
84,Angel,Foster,59,Wozo Trail,Dirjepujo,VA,37118,$6092.02,BLUE,03/28/1929
85,Sara,Richards,30,Nibso Circle,Sajbegit,SC,01222,$52.58,RED,09/18/1985
86,Stephen,Osborne,43,Lelzeb Road,Duzurhuv,GA,06377,$6767.75,WHITE,03/31/1952
87,Curtis,Yates,61,Emecec Terrace,Ponepub,KY,73210,$6211.60,WHITE,03/27/1965
88,Max,Ramsey,18,Fupidi Boulevard,Naworwu,WV,94775,$8292.23,WHITE,02/20/2009
89,Edwin,Beck,29,Notil River,Lemhengu,GA,16524,$3270.61,WHITE,02/21/1914
90,Tommy,Roberts,35,Sehib Drive,Giztieku,WV,58342,$6438.90,WHITE,04/19/2006
91,Addie,Osborne,60,Fepal Turnpike,Majavku,TX,93787,$3911.83,WHITE,11/08/2005
92,Justin,Mann,50,Movar Avenue,Pulnucon,KS,10985,$4041.34,BLUE,12/03/1901
93,Eugenia,Bryan,41,Kines Extension,Atumalam,WY,12393,$5616.03,WHITE,08/25/1940
94,Millie,Parker,61,Witrej Grove,Zadazvil,OR,61680,$4417.32,RED,05/21/1908
95,Francis,Parsons,50,Hieva Manor,Didihwoh,KS,84130,$3184.54,RED,10/26/1908
96,Ronnie,Carr,29,Bufne View,Jugkopgo,MI,90942,$550.09,GREEN,03/21/2042
97,Jimmy,Gonzalez,32,Socep Path,Najutgu,MN,83420,$6502.26,BLUE,02/17/2030
98,Michael,Fowler,46,Moskaf Highway,Kadsafre,SC,66987,$9888.80,BLUE,05/02/2070
99,Ora,Pierce,42,Mikew Turnpike,Rubavah,WY,56173,$9912.71,WHITE,07/19/1945
100,Eddie,Ingram,31,Kuzol Parkway,Nuhujiji,WI,16056,$9303.02,YELLOW,08/06/1961
